task_name,job_timestamp,run_id,reward,failure_category
fda-hard-cross-label-comparison,2026-07-02__18-20-36,BCVwLMZ,0.603685,near_miss_refusal_or_overrefusal
fda-hard-cross-label-comparison,2026-07-02__18-20-36,BCVwLMZ,0.603685,unknown
fda-hard-cross-label-comparison,2026-07-02__18-20-36,BCVwLMZ,0.603685,unknown
fda-hard-cross-label-comparison,2026-07-02__18-20-36,BCVwLMZ,0.603685,unknown
fda-hard-cross-label-comparison,2026-07-02__18-20-36,BCVwLMZ,0.603685,unknown
fda-hard-cross-label-comparison,2026-07-02__18-20-36,BCVwLMZ,0.603685,near_miss_refusal_or_overrefusal
fda-hard-cross-label-comparison,2026-07-02__18-20-36,BCVwLMZ,0.603685,unknown
fda-hard-cross-label-comparison,2026-07-02__18-20-36,BCVwLMZ,0.603685,unknown
fda-hard-cross-label-comparison,2026-07-02__18-20-36,BCVwLMZ,0.603685,missed_section_or_citation
fda-hard-cross-label-comparison,2026-07-02__18-20-36,BCVwLMZ,0.603685,missed_section_or_citation
fda-hard-cross-label-comparison,2026-07-02__18-20-36,BCVwLMZ,0.603685,unknown
fda-hard-cross-label-comparison,2026-07-02__18-20-36,BCVwLMZ,0.603685,unknown
fda-hard-cross-label-comparison,2026-07-02__18-20-36,BCVwLMZ,0.603685,unknown
fda-hard-cross-label-comparison,2026-07-02__18-20-36,BCVwLMZ,0.603685,unknown
fda-hard-cross-label-comparison,2026-07-02__18-20-36,BCVwLMZ,0.603685,missed_section_or_citation
fda-hard-cross-label-comparison,2026-07-02__18-20-36,BCVwLMZ,0.603685,missed_section_or_citation
fda-hard-cross-label-comparison,2026-07-02__18-20-36,BCVwLMZ,0.603685,unknown
fda-hard-cross-label-comparison,2026-07-02__18-20-36,BCVwLMZ,0.603685,unknown
fda-hard-cross-label-comparison,2026-07-02__18-20-36,BCVwLMZ,0.603685,unknown
fda-hard-cross-label-comparison,2026-07-02__18-20-36,BCVwLMZ,0.603685,unknown
fda-hard-cross-label-comparison,2026-07-02__18-20-36,BCVwLMZ,0.603685,missed_section_or_citation
fda-hard-cross-label-comparison,2026-07-02__18-20-36,BCVwLMZ,0.603685,missed_section_or_citation
fda-hard-cross-label-comparison,2026-07-02__18-20-36,BCVwLMZ,0.603685,unknown
fda-hard-cross-label-comparison,2026-07-02__18-20-36,BCVwLMZ,0.603685,unknown
fda-hard-cross-label-comparison,2026-07-02__18-20-36,BCVwLMZ,0.603685,unknown
fda-hard-cross-label-comparison,2026-07-02__18-20-36,BCVwLMZ,0.603685,unknown
fda-hard-cross-label-comparison,2026-07-02__18-20-36,BCVwLMZ,0.603685,missed_section_or_citation
fda-hard-cross-label-comparison,2026-07-02__18-20-36,BCVwLMZ,0.603685,missed_section_or_citation
fda-hard-cross-label-comparison,2026-07-02__18-20-36,BCVwLMZ,0.603685,unknown
fda-hard-cross-label-comparison,2026-07-02__18-20-36,BCVwLMZ,0.603685,unknown
fda-hard-cross-label-comparison,2026-07-02__19-39-12,Bx9w5TV,0.573649,missed_section_or_citation
fda-hard-cross-label-comparison,2026-07-02__19-39-12,Bx9w5TV,0.573649,missed_section_or_citation
fda-hard-cross-label-comparison,2026-07-02__19-39-12,Bx9w5TV,0.573649,near_miss_refusal_or_overrefusal
fda-hard-cross-label-comparison,2026-07-02__19-39-12,Bx9w5TV,0.573649,unknown
fda-hard-cross-label-comparison,2026-07-02__19-39-12,Bx9w5TV,0.573649,unknown
fda-hard-cross-label-comparison,2026-07-02__19-39-12,Bx9w5TV,0.573649,missed_section_or_citation
fda-hard-cross-label-comparison,2026-07-02__19-39-12,Bx9w5TV,0.573649,missed_section_or_citation
fda-hard-cross-label-comparison,2026-07-02__19-39-12,Bx9w5TV,0.573649,unknown
fda-hard-cross-label-comparison,2026-07-02__19-39-12,Bx9w5TV,0.573649,unknown
fda-hard-cross-label-comparison,2026-07-02__19-39-12,Bx9w5TV,0.573649,near_miss_refusal_or_overrefusal
fda-hard-cross-label-comparison,2026-07-02__19-39-12,Bx9w5TV,0.573649,unknown
fda-hard-cross-label-comparison,2026-07-02__19-39-12,Bx9w5TV,0.573649,unknown
fda-hard-cross-label-comparison,2026-07-02__19-39-12,Bx9w5TV,0.573649,unknown
fda-hard-cross-label-comparison,2026-07-02__19-39-12,Bx9w5TV,0.573649,unknown
fda-hard-cross-label-comparison,2026-07-02__19-39-12,Bx9w5TV,0.573649,unknown
fda-hard-cross-label-comparison,2026-07-02__19-39-12,Bx9w5TV,0.573649,unknown
fda-hard-cross-label-comparison,2026-07-02__19-39-12,Bx9w5TV,0.573649,missed_section_or_citation
fda-hard-cross-label-comparison,2026-07-02__19-39-12,Bx9w5TV,0.573649,missed_section_or_citation
fda-hard-cross-label-comparison,2026-07-02__19-39-12,Bx9w5TV,0.573649,unknown
fda-hard-cross-label-comparison,2026-07-02__19-39-12,Bx9w5TV,0.573649,unknown
fda-hard-cross-label-comparison,2026-07-02__19-39-12,Bx9w5TV,0.573649,unknown
fda-hard-cross-label-comparison,2026-07-02__19-39-12,Bx9w5TV,0.573649,unknown
fda-hard-cross-label-comparison,2026-07-02__19-39-12,Bx9w5TV,0.573649,missed_section_or_citation
fda-hard-cross-label-comparison,2026-07-02__19-39-12,Bx9w5TV,0.573649,missed_section_or_citation
fda-hard-cross-label-comparison,2026-07-02__19-39-12,Bx9w5TV,0.573649,unknown
fda-hard-cross-label-comparison,2026-07-02__19-39-12,Bx9w5TV,0.573649,unknown
fda-hard-cross-label-comparison,2026-07-02__19-39-12,Bx9w5TV,0.573649,unknown
fda-hard-cross-label-comparison,2026-07-02__19-39-12,Bx9w5TV,0.573649,unknown
fda-hard-cross-label-comparison,2026-07-02__19-39-12,Bx9w5TV,0.573649,missed_section_or_citation
fda-hard-cross-label-comparison,2026-07-02__19-39-12,Bx9w5TV,0.573649,missed_section_or_citation
fda-hard-cross-label-comparison,2026-07-02__19-39-12,Bx9w5TV,0.573649,unknown
fda-hard-cross-label-comparison,2026-07-02__19-39-12,Bx9w5TV,0.573649,unknown
fda-hard-cross-label-comparison,2026-07-02__20-12-21,upmmwVs,0.693216,unknown
fda-hard-cross-label-comparison,2026-07-02__20-12-21,upmmwVs,0.693216,unknown
fda-hard-cross-label-comparison,2026-07-02__20-12-21,upmmwVs,0.693216,unknown
fda-hard-cross-label-comparison,2026-07-02__20-12-21,upmmwVs,0.693216,unknown
fda-hard-cross-label-comparison,2026-07-02__20-12-21,upmmwVs,0.693216,unknown
fda-hard-cross-label-comparison,2026-07-02__20-12-21,upmmwVs,0.693216,unknown
fda-hard-cross-label-comparison,2026-07-02__20-12-21,upmmwVs,0.693216,unknown
fda-hard-cross-label-comparison,2026-07-02__20-12-21,upmmwVs,0.693216,unknown
fda-hard-cross-label-comparison,2026-07-02__20-12-21,upmmwVs,0.693216,unknown
fda-hard-cross-label-comparison,2026-07-02__20-12-21,upmmwVs,0.693216,missed_section_or_citation
fda-hard-cross-label-comparison,2026-07-02__20-12-21,upmmwVs,0.693216,missed_section_or_citation
fda-hard-cross-label-comparison,2026-07-02__20-12-21,upmmwVs,0.693216,unknown
fda-hard-cross-label-comparison,2026-07-02__20-12-21,upmmwVs,0.693216,unknown
fda-hard-cross-label-comparison,2026-07-02__20-12-21,upmmwVs,0.693216,unknown
fda-hard-cross-label-comparison,2026-07-02__20-12-21,upmmwVs,0.693216,unknown
fda-hard-cross-label-comparison,2026-07-02__20-12-21,upmmwVs,0.693216,missed_section_or_citation
fda-hard-cross-label-comparison,2026-07-02__20-12-21,upmmwVs,0.693216,missed_section_or_citation
fda-hard-cross-label-comparison,2026-07-02__20-12-21,upmmwVs,0.693216,unknown
fda-hard-cross-label-comparison,2026-07-02__20-12-21,upmmwVs,0.693216,unknown
fda-hard-cross-label-comparison,2026-07-02__20-12-21,upmmwVs,0.693216,unknown
fda-hard-cross-label-comparison,2026-07-02__20-12-21,upmmwVs,0.693216,unknown
fda-hard-cross-label-comparison,2026-07-02__20-12-21,upmmwVs,0.693216,missed_section_or_citation
fda-hard-cross-label-comparison,2026-07-02__20-12-21,upmmwVs,0.693216,missed_section_or_citation
fda-hard-cross-label-comparison,2026-07-02__20-12-21,upmmwVs,0.693216,unknown
fda-hard-cross-label-comparison,2026-07-02__20-12-21,upmmwVs,0.693216,unknown
fda-hard-long-label-retrieval,2026-07-02__17-23-15,e9Mmvk5,0.000000,missed_section_or_citation
fda-hard-long-label-retrieval,2026-07-02__17-23-15,e9Mmvk5,0.000000,unknown
fda-hard-long-label-retrieval,2026-07-02__17-23-15,e9Mmvk5,0.000000,unknown
fda-hard-long-label-retrieval,2026-07-02__17-23-15,e9Mmvk5,0.000000,missed_section_or_citation
fda-hard-long-label-retrieval,2026-07-02__17-23-15,e9Mmvk5,0.000000,unknown
fda-hard-long-label-retrieval,2026-07-02__17-23-15,e9Mmvk5,0.000000,unknown
fda-hard-long-label-retrieval,2026-07-02__17-23-15,e9Mmvk5,0.000000,missed_section_or_citation
fda-hard-long-label-retrieval,2026-07-02__17-23-15,e9Mmvk5,0.000000,unknown
fda-hard-long-label-retrieval,2026-07-02__17-23-15,e9Mmvk5,0.000000,unknown
fda-hard-long-label-retrieval,2026-07-02__17-23-15,e9Mmvk5,0.000000,missed_section_or_citation
fda-hard-long-label-retrieval,2026-07-02__17-23-15,e9Mmvk5,0.000000,unknown
fda-hard-long-label-retrieval,2026-07-02__17-23-15,e9Mmvk5,0.000000,unknown
fda-hard-long-label-retrieval,2026-07-02__17-23-15,e9Mmvk5,0.000000,missed_section_or_citation
fda-hard-long-label-retrieval,2026-07-02__17-23-15,e9Mmvk5,0.000000,unknown
fda-hard-long-label-retrieval,2026-07-02__17-23-15,e9Mmvk5,0.000000,unknown
fda-hard-long-label-retrieval,2026-07-02__17-23-15,e9Mmvk5,0.000000,missed_section_or_citation
fda-hard-long-label-retrieval,2026-07-02__17-23-15,e9Mmvk5,0.000000,unknown
fda-hard-long-label-retrieval,2026-07-02__17-23-15,e9Mmvk5,0.000000,unknown
fda-hard-long-label-retrieval,2026-07-02__17-23-15,e9Mmvk5,0.000000,missed_section_or_citation
fda-hard-long-label-retrieval,2026-07-02__17-23-15,e9Mmvk5,0.000000,unknown
fda-hard-long-label-retrieval,2026-07-02__17-23-15,e9Mmvk5,0.000000,numeric_dosage_error
fda-hard-long-label-retrieval,2026-07-02__17-23-15,e9Mmvk5,0.000000,missed_section_or_citation
fda-hard-long-label-retrieval,2026-07-02__17-23-15,e9Mmvk5,0.000000,unknown
fda-hard-long-label-retrieval,2026-07-02__17-23-15,e9Mmvk5,0.000000,numeric_dosage_error
fda-hard-long-label-retrieval,2026-07-02__17-56-14,FVTUPup,0.771979,unknown
fda-hard-long-label-retrieval,2026-07-02__17-56-14,FVTUPup,0.771979,unknown
fda-hard-long-label-retrieval,2026-07-02__17-56-14,FVTUPup,0.771979,unknown
fda-hard-long-label-retrieval,2026-07-02__17-56-14,FVTUPup,0.771979,unknown
fda-hard-long-label-retrieval,2026-07-02__17-56-14,FVTUPup,0.771979,unknown
fda-hard-long-label-retrieval,2026-07-02__17-56-14,FVTUPup,0.771979,unknown
fda-hard-long-label-retrieval,2026-07-02__17-56-14,FVTUPup,0.771979,unknown
fda-hard-long-label-retrieval,2026-07-02__17-56-14,FVTUPup,0.771979,unknown
fda-hard-long-label-retrieval,2026-07-02__17-56-14,FVTUPup,0.771979,unknown
fda-hard-long-label-retrieval,2026-07-02__17-56-14,FVTUPup,0.771979,unknown
fda-hard-long-label-retrieval,2026-07-02__17-56-14,FVTUPup,0.771979,unknown
fda-hard-long-label-retrieval,2026-07-02__17-56-14,FVTUPup,0.771979,unknown
fda-hard-long-label-retrieval,2026-07-02__17-56-14,FVTUPup,0.771979,unknown
fda-hard-long-label-retrieval,2026-07-02__17-56-14,FVTUPup,0.771979,unknown
fda-hard-long-label-retrieval,2026-07-02__17-56-14,FVTUPup,0.771979,unknown
fda-hard-long-label-retrieval,2026-07-02__17-56-14,FVTUPup,0.771979,unknown
fda-hard-long-label-retrieval,2026-07-02__17-56-14,FVTUPup,0.771979,unknown
fda-hard-long-label-retrieval,2026-07-02__17-56-14,FVTUPup,0.771979,unknown
fda-hard-long-label-retrieval,2026-07-02__17-56-14,FVTUPup,0.771979,unknown
fda-hard-long-label-retrieval,2026-07-02__17-56-14,FVTUPup,0.771979,unknown
fda-hard-long-label-retrieval,2026-07-02__17-56-14,FVTUPup,0.771979,unknown
fda-hard-long-label-retrieval,2026-07-02__17-56-14,FVTUPup,0.771979,missed_section_or_citation
fda-hard-long-label-retrieval,2026-07-02__17-56-14,FVTUPup,0.771979,missed_section_or_citation
fda-hard-long-label-retrieval,2026-07-02__17-56-14,FVTUPup,0.771979,unknown
fda-hard-long-label-retrieval,2026-07-02__17-56-14,FVTUPup,0.771979,unknown
fda-hard-long-label-retrieval,2026-07-02__17-56-14,FVTUPup,0.771979,unknown
fda-hard-long-label-retrieval,2026-07-02__17-56-14,FVTUPup,0.771979,unknown
fda-hard-long-label-retrieval,2026-07-02__17-56-14,FVTUPup,0.771979,numeric_dosage_error
fda-hard-long-label-retrieval,2026-07-02__17-56-14,FVTUPup,0.771979,numeric_dosage_error
fda-hard-long-label-retrieval,2026-07-02__17-56-14,FVTUPup,0.771979,numeric_dosage_error
fda-hard-long-label-retrieval,2026-07-02__17-56-14,FVTUPup,0.771979,unknown
fda-hard-long-label-retrieval,2026-07-02__17-56-14,FVTUPup,0.771979,missed_section_or_citation
fda-hard-long-label-retrieval,2026-07-02__17-56-14,FVTUPup,0.771979,missed_section_or_citation
fda-hard-long-label-retrieval,2026-07-02__17-56-14,FVTUPup,0.771979,unknown
fda-hard-long-label-retrieval,2026-07-02__17-56-14,FVTUPup,0.771979,numeric_dosage_error
fda-hard-long-label-retrieval,2026-07-02__19-19-02,4DjA8ii,0.741302,unknown
fda-hard-long-label-retrieval,2026-07-02__19-19-02,4DjA8ii,0.741302,unknown
fda-hard-long-label-retrieval,2026-07-02__19-19-02,4DjA8ii,0.741302,unknown
fda-hard-long-label-retrieval,2026-07-02__19-19-02,4DjA8ii,0.741302,unknown
fda-hard-long-label-retrieval,2026-07-02__19-19-02,4DjA8ii,0.741302,unknown
fda-hard-long-label-retrieval,2026-07-02__19-19-02,4DjA8ii,0.741302,unknown
fda-hard-long-label-retrieval,2026-07-02__19-19-02,4DjA8ii,0.741302,unknown
fda-hard-long-label-retrieval,2026-07-02__19-19-02,4DjA8ii,0.741302,unknown
fda-hard-long-label-retrieval,2026-07-02__19-19-02,4DjA8ii,0.741302,unknown
fda-hard-long-label-retrieval,2026-07-02__19-19-02,4DjA8ii,0.741302,unknown
fda-hard-long-label-retrieval,2026-07-02__19-19-02,4DjA8ii,0.741302,unknown
fda-hard-long-label-retrieval,2026-07-02__19-19-02,4DjA8ii,0.741302,unknown
fda-hard-long-label-retrieval,2026-07-02__19-19-02,4DjA8ii,0.741302,unknown
fda-hard-long-label-retrieval,2026-07-02__19-19-02,4DjA8ii,0.741302,unknown
fda-hard-long-label-retrieval,2026-07-02__19-19-02,4DjA8ii,0.741302,unknown
fda-hard-long-label-retrieval,2026-07-02__19-19-02,4DjA8ii,0.741302,unknown
fda-hard-long-label-retrieval,2026-07-02__19-19-02,4DjA8ii,0.741302,unknown
fda-hard-long-label-retrieval,2026-07-02__19-19-02,4DjA8ii,0.741302,unknown
fda-hard-long-label-retrieval,2026-07-02__19-19-02,4DjA8ii,0.741302,unknown
fda-hard-long-label-retrieval,2026-07-02__19-19-02,4DjA8ii,0.741302,unknown
fda-hard-long-label-retrieval,2026-07-02__19-19-02,4DjA8ii,0.741302,unknown
fda-hard-long-label-retrieval,2026-07-02__19-19-02,4DjA8ii,0.741302,unknown
fda-hard-long-label-retrieval,2026-07-02__19-19-02,4DjA8ii,0.741302,missed_section_or_citation
fda-hard-long-label-retrieval,2026-07-02__19-19-02,4DjA8ii,0.741302,missed_section_or_citation
fda-hard-long-label-retrieval,2026-07-02__19-19-02,4DjA8ii,0.741302,unknown
fda-hard-long-label-retrieval,2026-07-02__19-19-02,4DjA8ii,0.741302,unknown
fda-hard-long-label-retrieval,2026-07-02__19-19-02,4DjA8ii,0.741302,unknown
fda-hard-long-label-retrieval,2026-07-02__19-19-02,4DjA8ii,0.741302,unknown
fda-hard-long-label-retrieval,2026-07-02__19-19-02,4DjA8ii,0.741302,numeric_dosage_error
fda-hard-long-label-retrieval,2026-07-02__19-19-02,4DjA8ii,0.741302,numeric_dosage_error
fda-hard-long-label-retrieval,2026-07-02__19-19-02,4DjA8ii,0.741302,unknown
fda-hard-long-label-retrieval,2026-07-02__19-19-02,4DjA8ii,0.741302,numeric_dosage_error
fda-hard-long-label-retrieval,2026-07-02__19-19-02,4DjA8ii,0.741302,unknown
fda-hard-long-label-retrieval,2026-07-02__19-19-02,4DjA8ii,0.741302,unknown
fda-hard-long-label-retrieval,2026-07-02__19-19-02,4DjA8ii,0.741302,numeric_dosage_error
fda-hard-long-label-retrieval,2026-07-02__19-50-34,yima5xz,0.746250,unknown
fda-hard-long-label-retrieval,2026-07-02__19-50-34,yima5xz,0.746250,unknown
fda-hard-long-label-retrieval,2026-07-02__19-50-34,yima5xz,0.746250,unknown
fda-hard-long-label-retrieval,2026-07-02__19-50-34,yima5xz,0.746250,unknown
fda-hard-long-label-retrieval,2026-07-02__19-50-34,yima5xz,0.746250,unknown
fda-hard-long-label-retrieval,2026-07-02__19-50-34,yima5xz,0.746250,unknown
fda-hard-long-label-retrieval,2026-07-02__19-50-34,yima5xz,0.746250,unknown
fda-hard-long-label-retrieval,2026-07-02__19-50-34,yima5xz,0.746250,unknown
fda-hard-long-label-retrieval,2026-07-02__19-50-34,yima5xz,0.746250,unknown
fda-hard-long-label-retrieval,2026-07-02__19-50-34,yima5xz,0.746250,unknown
fda-hard-long-label-retrieval,2026-07-02__19-50-34,yima5xz,0.746250,unknown
fda-hard-long-label-retrieval,2026-07-02__19-50-34,yima5xz,0.746250,unknown
fda-hard-long-label-retrieval,2026-07-02__19-50-34,yima5xz,0.746250,unknown
fda-hard-long-label-retrieval,2026-07-02__19-50-34,yima5xz,0.746250,unknown
fda-hard-long-label-retrieval,2026-07-02__19-50-34,yima5xz,0.746250,unknown
fda-hard-long-label-retrieval,2026-07-02__19-50-34,yima5xz,0.746250,unknown
fda-hard-long-label-retrieval,2026-07-02__19-50-34,yima5xz,0.746250,unknown
fda-hard-long-label-retrieval,2026-07-02__19-50-34,yima5xz,0.746250,unknown
fda-hard-long-label-retrieval,2026-07-02__19-50-34,yima5xz,0.746250,unknown
fda-hard-long-label-retrieval,2026-07-02__19-50-34,yima5xz,0.746250,unknown
fda-hard-long-label-retrieval,2026-07-02__19-50-34,yima5xz,0.746250,unknown
fda-hard-long-label-retrieval,2026-07-02__19-50-34,yima5xz,0.746250,unknown
fda-hard-long-label-retrieval,2026-07-02__19-50-34,yima5xz,0.746250,missed_section_or_citation
fda-hard-long-label-retrieval,2026-07-02__19-50-34,yima5xz,0.746250,missed_section_or_citation
fda-hard-long-label-retrieval,2026-07-02__19-50-34,yima5xz,0.746250,unknown
fda-hard-long-label-retrieval,2026-07-02__19-50-34,yima5xz,0.746250,unknown
fda-hard-long-label-retrieval,2026-07-02__19-50-34,yima5xz,0.746250,unknown
fda-hard-long-label-retrieval,2026-07-02__19-50-34,yima5xz,0.746250,unknown
fda-hard-long-label-retrieval,2026-07-02__19-50-34,yima5xz,0.746250,numeric_dosage_error
fda-hard-long-label-retrieval,2026-07-02__19-50-34,yima5xz,0.746250,numeric_dosage_error
fda-hard-long-label-retrieval,2026-07-02__19-50-34,yima5xz,0.746250,unknown
fda-hard-long-label-retrieval,2026-07-02__19-50-34,yima5xz,0.746250,unknown
fda-hard-long-label-retrieval,2026-07-02__19-50-34,yima5xz,0.746250,missed_section_or_citation
fda-hard-long-label-retrieval,2026-07-02__19-50-34,yima5xz,0.746250,missed_section_or_citation
fda-hard-long-label-retrieval,2026-07-02__19-50-34,yima5xz,0.746250,unknown
fda-hard-long-label-retrieval,2026-07-02__19-50-34,yima5xz,0.746250,numeric_dosage_error
fda-hard-mixed-batch,2026-07-02__18-24-59,JiiW8Am,0.791333,unknown
fda-hard-mixed-batch,2026-07-02__18-24-59,JiiW8Am,0.791333,unknown
fda-hard-mixed-batch,2026-07-02__18-24-59,JiiW8Am,0.791333,unknown
fda-hard-mixed-batch,2026-07-02__18-24-59,JiiW8Am,0.791333,unknown
fda-hard-mixed-batch,2026-07-02__18-24-59,JiiW8Am,0.791333,unknown
fda-hard-mixed-batch,2026-07-02__18-24-59,JiiW8Am,0.791333,unknown
fda-hard-mixed-batch,2026-07-02__18-24-59,JiiW8Am,0.791333,unknown
fda-hard-mixed-batch,2026-07-02__18-24-59,JiiW8Am,0.791333,unknown
fda-hard-mixed-batch,2026-07-02__18-24-59,JiiW8Am,0.791333,unknown
fda-hard-mixed-batch,2026-07-02__18-24-59,JiiW8Am,0.791333,unknown
fda-hard-mixed-batch,2026-07-02__18-24-59,JiiW8Am,0.791333,unknown
fda-hard-mixed-batch,2026-07-02__18-24-59,JiiW8Am,0.791333,unknown
fda-hard-mixed-batch,2026-07-02__18-24-59,JiiW8Am,0.791333,unknown
fda-hard-mixed-batch,2026-07-02__18-24-59,JiiW8Am,0.791333,unknown
fda-hard-mixed-batch,2026-07-02__18-24-59,JiiW8Am,0.791333,unknown
fda-hard-mixed-batch,2026-07-02__18-24-59,JiiW8Am,0.791333,unknown
fda-hard-mixed-batch,2026-07-02__18-24-59,JiiW8Am,0.791333,unknown
fda-hard-mixed-batch,2026-07-02__18-24-59,JiiW8Am,0.791333,unknown
fda-hard-mixed-batch,2026-07-02__18-24-59,JiiW8Am,0.791333,missed_section_or_citation
fda-hard-mixed-batch,2026-07-02__18-24-59,JiiW8Am,0.791333,missed_section_or_citation
fda-hard-mixed-batch,2026-07-02__18-24-59,JiiW8Am,0.791333,missed_section_or_citation
fda-hard-mixed-batch,2026-07-02__18-24-59,JiiW8Am,0.791333,missed_section_or_citation
fda-hard-mixed-batch,2026-07-02__18-24-59,JiiW8Am,0.791333,missed_section_or_citation
fda-hard-mixed-batch,2026-07-02__18-24-59,JiiW8Am,0.791333,missed_section_or_citation
fda-hard-mixed-batch,2026-07-02__18-24-59,JiiW8Am,0.791333,unknown
fda-hard-mixed-batch,2026-07-02__18-24-59,JiiW8Am,0.791333,unknown
fda-hard-mixed-batch,2026-07-02__18-24-59,JiiW8Am,0.791333,unknown
fda-hard-mixed-batch,2026-07-02__18-24-59,JiiW8Am,0.791333,unknown
fda-hard-mixed-batch,2026-07-02__18-24-59,JiiW8Am,0.791333,unknown
fda-hard-mixed-batch,2026-07-02__18-24-59,JiiW8Am,0.791333,unknown
fda-hard-mixed-batch,2026-07-02__18-24-59,JiiW8Am,0.791333,unknown
fda-hard-mixed-batch,2026-07-02__18-24-59,JiiW8Am,0.791333,unknown
fda-hard-mixed-batch,2026-07-02__19-43-51,9YYwSZw,0.791333,unknown
fda-hard-mixed-batch,2026-07-02__19-43-51,9YYwSZw,0.791333,unknown
fda-hard-mixed-batch,2026-07-02__19-43-51,9YYwSZw,0.791333,unknown
fda-hard-mixed-batch,2026-07-02__19-43-51,9YYwSZw,0.791333,unknown
fda-hard-mixed-batch,2026-07-02__19-43-51,9YYwSZw,0.791333,unknown
fda-hard-mixed-batch,2026-07-02__19-43-51,9YYwSZw,0.791333,unknown
fda-hard-mixed-batch,2026-07-02__19-43-51,9YYwSZw,0.791333,unknown
fda-hard-mixed-batch,2026-07-02__19-43-51,9YYwSZw,0.791333,unknown
fda-hard-mixed-batch,2026-07-02__19-43-51,9YYwSZw,0.791333,unknown
fda-hard-mixed-batch,2026-07-02__19-43-51,9YYwSZw,0.791333,unknown
fda-hard-mixed-batch,2026-07-02__19-43-51,9YYwSZw,0.791333,unknown
fda-hard-mixed-batch,2026-07-02__19-43-51,9YYwSZw,0.791333,unknown
fda-hard-mixed-batch,2026-07-02__19-43-51,9YYwSZw,0.791333,unknown
fda-hard-mixed-batch,2026-07-02__19-43-51,9YYwSZw,0.791333,unknown
fda-hard-mixed-batch,2026-07-02__19-43-51,9YYwSZw,0.791333,unknown
fda-hard-mixed-batch,2026-07-02__19-43-51,9YYwSZw,0.791333,unknown
fda-hard-mixed-batch,2026-07-02__19-43-51,9YYwSZw,0.791333,unknown
fda-hard-mixed-batch,2026-07-02__19-43-51,9YYwSZw,0.791333,unknown
fda-hard-mixed-batch,2026-07-02__19-43-51,9YYwSZw,0.791333,missed_section_or_citation
fda-hard-mixed-batch,2026-07-02__19-43-51,9YYwSZw,0.791333,missed_section_or_citation
fda-hard-mixed-batch,2026-07-02__19-43-51,9YYwSZw,0.791333,missed_section_or_citation
fda-hard-mixed-batch,2026-07-02__19-43-51,9YYwSZw,0.791333,missed_section_or_citation
fda-hard-mixed-batch,2026-07-02__19-43-51,9YYwSZw,0.791333,missed_section_or_citation
fda-hard-mixed-batch,2026-07-02__19-43-51,9YYwSZw,0.791333,missed_section_or_citation
fda-hard-mixed-batch,2026-07-02__19-43-51,9YYwSZw,0.791333,unknown
fda-hard-mixed-batch,2026-07-02__19-43-51,9YYwSZw,0.791333,unknown
fda-hard-mixed-batch,2026-07-02__19-43-51,9YYwSZw,0.791333,unknown
fda-hard-mixed-batch,2026-07-02__19-43-51,9YYwSZw,0.791333,unknown
fda-hard-mixed-batch,2026-07-02__19-43-51,9YYwSZw,0.791333,unknown
fda-hard-mixed-batch,2026-07-02__19-43-51,9YYwSZw,0.791333,unknown
fda-hard-mixed-batch,2026-07-02__19-43-51,9YYwSZw,0.791333,unknown
fda-hard-mixed-batch,2026-07-02__19-43-51,9YYwSZw,0.791333,unknown
fda-hard-mixed-batch,2026-07-02__20-30-20,crQahni,0.823042,unknown
fda-hard-mixed-batch,2026-07-02__20-30-20,crQahni,0.823042,unknown
fda-hard-mixed-batch,2026-07-02__20-30-20,crQahni,0.823042,unknown
fda-hard-mixed-batch,2026-07-02__20-30-20,crQahni,0.823042,unknown
fda-hard-mixed-batch,2026-07-02__20-30-20,crQahni,0.823042,unknown
fda-hard-mixed-batch,2026-07-02__20-30-20,crQahni,0.823042,unknown
fda-hard-mixed-batch,2026-07-02__20-30-20,crQahni,0.823042,unknown
fda-hard-mixed-batch,2026-07-02__20-30-20,crQahni,0.823042,unknown
fda-hard-mixed-batch,2026-07-02__20-30-20,crQahni,0.823042,unknown
fda-hard-mixed-batch,2026-07-02__20-30-20,crQahni,0.823042,unknown
fda-hard-mixed-batch,2026-07-02__20-30-20,crQahni,0.823042,unknown
fda-hard-mixed-batch,2026-07-02__20-30-20,crQahni,0.823042,unknown
fda-hard-mixed-batch,2026-07-02__20-30-20,crQahni,0.823042,unknown
fda-hard-mixed-batch,2026-07-02__20-30-20,crQahni,0.823042,unknown
fda-hard-mixed-batch,2026-07-02__20-30-20,crQahni,0.823042,unknown
fda-hard-mixed-batch,2026-07-02__20-30-20,crQahni,0.823042,unknown
fda-hard-mixed-batch,2026-07-02__20-30-20,crQahni,0.823042,unknown
fda-hard-mixed-batch,2026-07-02__20-30-20,crQahni,0.823042,missed_section_or_citation
fda-hard-mixed-batch,2026-07-02__20-30-20,crQahni,0.823042,missed_section_or_citation
fda-hard-mixed-batch,2026-07-02__20-30-20,crQahni,0.823042,missed_section_or_citation
fda-hard-mixed-batch,2026-07-02__20-30-20,crQahni,0.823042,missed_section_or_citation
fda-hard-mixed-batch,2026-07-02__20-30-20,crQahni,0.823042,missed_section_or_citation
fda-hard-mixed-batch,2026-07-02__20-30-20,crQahni,0.823042,missed_section_or_citation
fda-hard-mixed-batch,2026-07-02__20-30-20,crQahni,0.823042,unknown
fda-hard-mixed-batch,2026-07-02__20-30-20,crQahni,0.823042,unknown
fda-hard-mixed-batch,2026-07-02__20-30-20,crQahni,0.823042,unknown
fda-hard-mixed-batch,2026-07-02__20-30-20,crQahni,0.823042,unknown
fda-hard-mixed-batch,2026-07-02__20-30-20,crQahni,0.823042,unknown
fda-hard-mixed-batch,2026-07-02__20-30-20,crQahni,0.823042,unknown
fda-hard-mixed-batch,2026-07-02__20-30-20,crQahni,0.823042,unknown
fda-hard-mixed-batch,2026-07-02__20-30-20,crQahni,0.823042,unknown
fda-hard-multisection-synthesis,2026-07-02__18-14-29,eHwzmkS,0.739583,incomplete_multisection_synthesis
fda-hard-multisection-synthesis,2026-07-02__18-14-29,eHwzmkS,0.739583,incomplete_multisection_synthesis
fda-hard-multisection-synthesis,2026-07-02__18-14-29,eHwzmkS,0.739583,incomplete_multisection_synthesis
fda-hard-multisection-synthesis,2026-07-02__18-14-29,eHwzmkS,0.739583,incomplete_multisection_synthesis
fda-hard-multisection-synthesis,2026-07-02__18-14-29,eHwzmkS,0.739583,incomplete_multisection_synthesis
fda-hard-multisection-synthesis,2026-07-02__18-14-29,eHwzmkS,0.739583,incomplete_multisection_synthesis
fda-hard-multisection-synthesis,2026-07-02__18-14-29,eHwzmkS,0.739583,incomplete_multisection_synthesis
fda-hard-multisection-synthesis,2026-07-02__18-14-29,eHwzmkS,0.739583,incomplete_multisection_synthesis
fda-hard-multisection-synthesis,2026-07-02__18-14-29,eHwzmkS,0.739583,incomplete_multisection_synthesis
fda-hard-multisection-synthesis,2026-07-02__18-14-29,eHwzmkS,0.739583,numeric_dosage_error
fda-hard-multisection-synthesis,2026-07-02__18-14-29,eHwzmkS,0.739583,numeric_dosage_error
fda-hard-multisection-synthesis,2026-07-02__18-14-29,eHwzmkS,0.739583,numeric_dosage_error
fda-hard-multisection-synthesis,2026-07-02__18-14-29,eHwzmkS,0.739583,unknown
fda-hard-multisection-synthesis,2026-07-02__18-14-29,eHwzmkS,0.739583,incomplete_multisection_synthesis
fda-hard-multisection-synthesis,2026-07-02__18-14-29,eHwzmkS,0.739583,numeric_dosage_error
fda-hard-multisection-synthesis,2026-07-02__18-14-29,eHwzmkS,0.739583,incomplete_multisection_synthesis
fda-hard-multisection-synthesis,2026-07-02__18-14-29,eHwzmkS,0.739583,incomplete_multisection_synthesis
fda-hard-multisection-synthesis,2026-07-02__18-14-29,eHwzmkS,0.739583,incomplete_multisection_synthesis
fda-hard-multisection-synthesis,2026-07-02__18-14-29,eHwzmkS,0.739583,incomplete_multisection_synthesis
fda-hard-multisection-synthesis,2026-07-02__18-14-29,eHwzmkS,0.739583,incomplete_multisection_synthesis
fda-hard-multisection-synthesis,2026-07-02__18-14-29,eHwzmkS,0.739583,incomplete_multisection_synthesis
fda-hard-multisection-synthesis,2026-07-02__18-14-29,eHwzmkS,0.739583,incomplete_multisection_synthesis
fda-hard-multisection-synthesis,2026-07-02__18-14-29,eHwzmkS,0.739583,incomplete_multisection_synthesis
fda-hard-multisection-synthesis,2026-07-02__18-14-29,eHwzmkS,0.739583,incomplete_multisection_synthesis
fda-hard-multisection-synthesis,2026-07-02__18-14-29,eHwzmkS,0.739583,incomplete_multisection_synthesis
fda-hard-multisection-synthesis,2026-07-02__18-14-29,eHwzmkS,0.739583,incomplete_multisection_synthesis
fda-hard-multisection-synthesis,2026-07-02__18-14-29,eHwzmkS,0.739583,missed_section_or_citation
fda-hard-multisection-synthesis,2026-07-02__18-14-29,eHwzmkS,0.739583,missed_section_or_citation
fda-hard-multisection-synthesis,2026-07-02__18-14-29,eHwzmkS,0.739583,incomplete_multisection_synthesis
fda-hard-multisection-synthesis,2026-07-02__18-14-29,eHwzmkS,0.739583,incomplete_multisection_synthesis
fda-hard-multisection-synthesis,2026-07-02__18-14-29,eHwzmkS,0.739583,incomplete_multisection_synthesis
fda-hard-multisection-synthesis,2026-07-02__18-14-29,eHwzmkS,0.739583,incomplete_multisection_synthesis
fda-hard-multisection-synthesis,2026-07-02__18-14-29,eHwzmkS,0.739583,missed_section_or_citation
fda-hard-multisection-synthesis,2026-07-02__18-14-29,eHwzmkS,0.739583,missed_section_or_citation
fda-hard-multisection-synthesis,2026-07-02__18-14-29,eHwzmkS,0.739583,incomplete_multisection_synthesis
fda-hard-multisection-synthesis,2026-07-02__18-14-29,eHwzmkS,0.739583,incomplete_multisection_synthesis
fda-hard-multisection-synthesis,2026-07-02__19-34-12,LYGG2eU,0.721302,incomplete_multisection_synthesis
fda-hard-multisection-synthesis,2026-07-02__19-34-12,LYGG2eU,0.721302,incomplete_multisection_synthesis
fda-hard-multisection-synthesis,2026-07-02__19-34-12,LYGG2eU,0.721302,incomplete_multisection_synthesis
fda-hard-multisection-synthesis,2026-07-02__19-34-12,LYGG2eU,0.721302,incomplete_multisection_synthesis
fda-hard-multisection-synthesis,2026-07-02__19-34-12,LYGG2eU,0.721302,incomplete_multisection_synthesis
fda-hard-multisection-synthesis,2026-07-02__19-34-12,LYGG2eU,0.721302,incomplete_multisection_synthesis
fda-hard-multisection-synthesis,2026-07-02__19-34-12,LYGG2eU,0.721302,incomplete_multisection_synthesis
fda-hard-multisection-synthesis,2026-07-02__19-34-12,LYGG2eU,0.721302,incomplete_multisection_synthesis
fda-hard-multisection-synthesis,2026-07-02__19-34-12,LYGG2eU,0.721302,incomplete_multisection_synthesis
fda-hard-multisection-synthesis,2026-07-02__19-34-12,LYGG2eU,0.721302,numeric_dosage_error
fda-hard-multisection-synthesis,2026-07-02__19-34-12,LYGG2eU,0.721302,numeric_dosage_error
fda-hard-multisection-synthesis,2026-07-02__19-34-12,LYGG2eU,0.721302,numeric_dosage_error
fda-hard-multisection-synthesis,2026-07-02__19-34-12,LYGG2eU,0.721302,unknown
fda-hard-multisection-synthesis,2026-07-02__19-34-12,LYGG2eU,0.721302,incomplete_multisection_synthesis
fda-hard-multisection-synthesis,2026-07-02__19-34-12,LYGG2eU,0.721302,numeric_dosage_error
fda-hard-multisection-synthesis,2026-07-02__19-34-12,LYGG2eU,0.721302,incomplete_multisection_synthesis
fda-hard-multisection-synthesis,2026-07-02__19-34-12,LYGG2eU,0.721302,incomplete_multisection_synthesis
fda-hard-multisection-synthesis,2026-07-02__19-34-12,LYGG2eU,0.721302,incomplete_multisection_synthesis
fda-hard-multisection-synthesis,2026-07-02__19-34-12,LYGG2eU,0.721302,incomplete_multisection_synthesis
fda-hard-multisection-synthesis,2026-07-02__19-34-12,LYGG2eU,0.721302,incomplete_multisection_synthesis
fda-hard-multisection-synthesis,2026-07-02__19-34-12,LYGG2eU,0.721302,incomplete_multisection_synthesis
fda-hard-multisection-synthesis,2026-07-02__19-34-12,LYGG2eU,0.721302,incomplete_multisection_synthesis
fda-hard-multisection-synthesis,2026-07-02__19-34-12,LYGG2eU,0.721302,incomplete_multisection_synthesis
fda-hard-multisection-synthesis,2026-07-02__19-34-12,LYGG2eU,0.721302,incomplete_multisection_synthesis
fda-hard-multisection-synthesis,2026-07-02__19-34-12,LYGG2eU,0.721302,incomplete_multisection_synthesis
fda-hard-multisection-synthesis,2026-07-02__19-34-12,LYGG2eU,0.721302,incomplete_multisection_synthesis
fda-hard-multisection-synthesis,2026-07-02__19-34-12,LYGG2eU,0.721302,missed_section_or_citation
fda-hard-multisection-synthesis,2026-07-02__19-34-12,LYGG2eU,0.721302,missed_section_or_citation
fda-hard-multisection-synthesis,2026-07-02__19-34-12,LYGG2eU,0.721302,incomplete_multisection_synthesis
fda-hard-multisection-synthesis,2026-07-02__19-34-12,LYGG2eU,0.721302,incomplete_multisection_synthesis
fda-hard-multisection-synthesis,2026-07-02__19-34-12,LYGG2eU,0.721302,incomplete_multisection_synthesis
fda-hard-multisection-synthesis,2026-07-02__19-34-12,LYGG2eU,0.721302,incomplete_multisection_synthesis
fda-hard-multisection-synthesis,2026-07-02__19-34-12,LYGG2eU,0.721302,incomplete_multisection_synthesis
fda-hard-multisection-synthesis,2026-07-02__19-34-12,LYGG2eU,0.721302,incomplete_multisection_synthesis
fda-hard-multisection-synthesis,2026-07-02__20-07-41,KinvK49,0.790625,incomplete_multisection_synthesis
fda-hard-multisection-synthesis,2026-07-02__20-07-41,KinvK49,0.790625,incomplete_multisection_synthesis
fda-hard-multisection-synthesis,2026-07-02__20-07-41,KinvK49,0.790625,incomplete_multisection_synthesis
fda-hard-multisection-synthesis,2026-07-02__20-07-41,KinvK49,0.790625,incomplete_multisection_synthesis
fda-hard-multisection-synthesis,2026-07-02__20-07-41,KinvK49,0.790625,incomplete_multisection_synthesis
fda-hard-multisection-synthesis,2026-07-02__20-07-41,KinvK49,0.790625,incomplete_multisection_synthesis
fda-hard-multisection-synthesis,2026-07-02__20-07-41,KinvK49,0.790625,incomplete_multisection_synthesis
fda-hard-multisection-synthesis,2026-07-02__20-07-41,KinvK49,0.790625,incomplete_multisection_synthesis
fda-hard-multisection-synthesis,2026-07-02__20-07-41,KinvK49,0.790625,numeric_dosage_error
fda-hard-multisection-synthesis,2026-07-02__20-07-41,KinvK49,0.790625,numeric_dosage_error
fda-hard-multisection-synthesis,2026-07-02__20-07-41,KinvK49,0.790625,numeric_dosage_error
fda-hard-multisection-synthesis,2026-07-02__20-07-41,KinvK49,0.790625,unknown
fda-hard-multisection-synthesis,2026-07-02__20-07-41,KinvK49,0.790625,incomplete_multisection_synthesis
fda-hard-multisection-synthesis,2026-07-02__20-07-41,KinvK49,0.790625,numeric_dosage_error
fda-hard-multisection-synthesis,2026-07-02__20-07-41,KinvK49,0.790625,incomplete_multisection_synthesis
fda-hard-multisection-synthesis,2026-07-02__20-07-41,KinvK49,0.790625,incomplete_multisection_synthesis
fda-hard-multisection-synthesis,2026-07-02__20-07-41,KinvK49,0.790625,incomplete_multisection_synthesis
fda-hard-multisection-synthesis,2026-07-02__20-07-41,KinvK49,0.790625,incomplete_multisection_synthesis
fda-hard-multisection-synthesis,2026-07-02__20-07-41,KinvK49,0.790625,incomplete_multisection_synthesis
fda-hard-multisection-synthesis,2026-07-02__20-07-41,KinvK49,0.790625,incomplete_multisection_synthesis
fda-hard-multisection-synthesis,2026-07-02__20-07-41,KinvK49,0.790625,incomplete_multisection_synthesis
fda-hard-multisection-synthesis,2026-07-02__20-07-41,KinvK49,0.790625,incomplete_multisection_synthesis
fda-hard-multisection-synthesis,2026-07-02__20-07-41,KinvK49,0.790625,incomplete_multisection_synthesis
fda-hard-multisection-synthesis,2026-07-02__20-07-41,KinvK49,0.790625,incomplete_multisection_synthesis
fda-hard-multisection-synthesis,2026-07-02__20-07-41,KinvK49,0.790625,incomplete_multisection_synthesis
fda-hard-multisection-synthesis,2026-07-02__20-07-41,KinvK49,0.790625,incomplete_multisection_synthesis
fda-hard-multisection-synthesis,2026-07-02__20-07-41,KinvK49,0.790625,incomplete_multisection_synthesis
fda-hard-multisection-synthesis,2026-07-02__20-07-41,KinvK49,0.790625,incomplete_multisection_synthesis
fda-hard-multisection-synthesis,2026-07-02__20-07-41,KinvK49,0.790625,incomplete_multisection_synthesis
fda-hard-multisection-synthesis,2026-07-02__20-07-41,KinvK49,0.790625,incomplete_multisection_synthesis
fda-hard-multisection-synthesis,2026-07-02__20-07-41,KinvK49,0.790625,incomplete_multisection_synthesis
fda-hard-numeric-dosage,2026-07-02__18-07-47,iQvWbhA,0.786823,numeric_dosage_error
fda-hard-numeric-dosage,2026-07-02__18-07-47,iQvWbhA,0.786823,numeric_dosage_error
fda-hard-numeric-dosage,2026-07-02__18-07-47,iQvWbhA,0.786823,numeric_dosage_error
fda-hard-numeric-dosage,2026-07-02__18-07-47,iQvWbhA,0.786823,unknown
fda-hard-numeric-dosage,2026-07-02__18-07-47,iQvWbhA,0.786823,numeric_dosage_error
fda-hard-numeric-dosage,2026-07-02__18-07-47,iQvWbhA,0.786823,numeric_dosage_error
fda-hard-numeric-dosage,2026-07-02__18-07-47,iQvWbhA,0.786823,numeric_dosage_error
fda-hard-numeric-dosage,2026-07-02__18-07-47,iQvWbhA,0.786823,unknown
fda-hard-numeric-dosage,2026-07-02__18-07-47,iQvWbhA,0.786823,numeric_dosage_error
fda-hard-numeric-dosage,2026-07-02__18-07-47,iQvWbhA,0.786823,unknown
fda-hard-numeric-dosage,2026-07-02__18-07-47,iQvWbhA,0.786823,unknown
fda-hard-numeric-dosage,2026-07-02__18-07-47,iQvWbhA,0.786823,numeric_dosage_error
fda-hard-numeric-dosage,2026-07-02__18-07-47,iQvWbhA,0.786823,numeric_dosage_error
fda-hard-numeric-dosage,2026-07-02__18-07-47,iQvWbhA,0.786823,numeric_dosage_error
fda-hard-numeric-dosage,2026-07-02__18-07-47,iQvWbhA,0.786823,numeric_dosage_error
fda-hard-numeric-dosage,2026-07-02__18-07-47,iQvWbhA,0.786823,numeric_dosage_error
fda-hard-numeric-dosage,2026-07-02__18-07-47,iQvWbhA,0.786823,unknown
fda-hard-numeric-dosage,2026-07-02__18-07-47,iQvWbhA,0.786823,unknown
fda-hard-numeric-dosage,2026-07-02__18-07-47,iQvWbhA,0.786823,numeric_dosage_error
fda-hard-numeric-dosage,2026-07-02__18-07-47,iQvWbhA,0.786823,numeric_dosage_error
fda-hard-numeric-dosage,2026-07-02__18-07-47,iQvWbhA,0.786823,numeric_dosage_error
fda-hard-numeric-dosage,2026-07-02__18-07-47,iQvWbhA,0.786823,numeric_dosage_error
fda-hard-numeric-dosage,2026-07-02__18-07-47,iQvWbhA,0.786823,numeric_dosage_error
fda-hard-numeric-dosage,2026-07-02__18-07-47,iQvWbhA,0.786823,numeric_dosage_error
fda-hard-numeric-dosage,2026-07-02__18-07-47,iQvWbhA,0.786823,unknown
fda-hard-numeric-dosage,2026-07-02__18-07-47,iQvWbhA,0.786823,unknown
fda-hard-numeric-dosage,2026-07-02__18-07-47,iQvWbhA,0.786823,numeric_dosage_error
fda-hard-numeric-dosage,2026-07-02__18-07-47,iQvWbhA,0.786823,unknown
fda-hard-numeric-dosage,2026-07-02__18-07-47,iQvWbhA,0.786823,numeric_dosage_error
fda-hard-numeric-dosage,2026-07-02__18-07-47,iQvWbhA,0.786823,numeric_dosage_error
fda-hard-numeric-dosage,2026-07-02__18-07-47,iQvWbhA,0.786823,numeric_dosage_error
fda-hard-numeric-dosage,2026-07-02__18-07-47,iQvWbhA,0.786823,unknown
fda-hard-numeric-dosage,2026-07-02__18-07-47,iQvWbhA,0.786823,numeric_dosage_error
fda-hard-numeric-dosage,2026-07-02__18-07-47,iQvWbhA,0.786823,unknown
fda-hard-numeric-dosage,2026-07-02__18-07-47,iQvWbhA,0.786823,unknown
fda-hard-numeric-dosage,2026-07-02__18-07-47,iQvWbhA,0.786823,unknown
fda-hard-numeric-dosage,2026-07-02__18-07-47,iQvWbhA,0.786823,unknown
fda-hard-numeric-dosage,2026-07-02__18-07-47,iQvWbhA,0.786823,numeric_dosage_error
fda-hard-numeric-dosage,2026-07-02__18-07-47,iQvWbhA,0.786823,unknown
fda-hard-numeric-dosage,2026-07-02__18-07-47,iQvWbhA,0.786823,numeric_dosage_error
fda-hard-numeric-dosage,2026-07-02__18-07-47,iQvWbhA,0.786823,numeric_dosage_error
fda-hard-numeric-dosage,2026-07-02__18-07-47,iQvWbhA,0.786823,unknown
fda-hard-numeric-dosage,2026-07-02__18-07-47,iQvWbhA,0.786823,missed_section_or_citation
fda-hard-numeric-dosage,2026-07-02__18-07-47,iQvWbhA,0.786823,missed_section_or_citation
fda-hard-numeric-dosage,2026-07-02__18-07-47,iQvWbhA,0.786823,unknown
fda-hard-numeric-dosage,2026-07-02__18-07-47,iQvWbhA,0.786823,numeric_dosage_error
fda-hard-numeric-dosage,2026-07-02__19-25-58,LiXMXER,0.781354,numeric_dosage_error
fda-hard-numeric-dosage,2026-07-02__19-25-58,LiXMXER,0.781354,numeric_dosage_error
fda-hard-numeric-dosage,2026-07-02__19-25-58,LiXMXER,0.781354,numeric_dosage_error
fda-hard-numeric-dosage,2026-07-02__19-25-58,LiXMXER,0.781354,unknown
fda-hard-numeric-dosage,2026-07-02__19-25-58,LiXMXER,0.781354,numeric_dosage_error
fda-hard-numeric-dosage,2026-07-02__19-25-58,LiXMXER,0.781354,numeric_dosage_error
fda-hard-numeric-dosage,2026-07-02__19-25-58,LiXMXER,0.781354,numeric_dosage_error
fda-hard-numeric-dosage,2026-07-02__19-25-58,LiXMXER,0.781354,unknown
fda-hard-numeric-dosage,2026-07-02__19-25-58,LiXMXER,0.781354,unknown
fda-hard-numeric-dosage,2026-07-02__19-25-58,LiXMXER,0.781354,numeric_dosage_error
fda-hard-numeric-dosage,2026-07-02__19-25-58,LiXMXER,0.781354,unknown
fda-hard-numeric-dosage,2026-07-02__19-25-58,LiXMXER,0.781354,numeric_dosage_error
fda-hard-numeric-dosage,2026-07-02__19-25-58,LiXMXER,0.781354,numeric_dosage_error
fda-hard-numeric-dosage,2026-07-02__19-25-58,LiXMXER,0.781354,numeric_dosage_error
fda-hard-numeric-dosage,2026-07-02__19-25-58,LiXMXER,0.781354,numeric_dosage_error
fda-hard-numeric-dosage,2026-07-02__19-25-58,LiXMXER,0.781354,numeric_dosage_error
fda-hard-numeric-dosage,2026-07-02__19-25-58,LiXMXER,0.781354,unknown
fda-hard-numeric-dosage,2026-07-02__19-25-58,LiXMXER,0.781354,unknown
fda-hard-numeric-dosage,2026-07-02__19-25-58,LiXMXER,0.781354,numeric_dosage_error
fda-hard-numeric-dosage,2026-07-02__19-25-58,LiXMXER,0.781354,numeric_dosage_error
fda-hard-numeric-dosage,2026-07-02__19-25-58,LiXMXER,0.781354,numeric_dosage_error
fda-hard-numeric-dosage,2026-07-02__19-25-58,LiXMXER,0.781354,numeric_dosage_error
fda-hard-numeric-dosage,2026-07-02__19-25-58,LiXMXER,0.781354,unknown
fda-hard-numeric-dosage,2026-07-02__19-25-58,LiXMXER,0.781354,unknown
fda-hard-numeric-dosage,2026-07-02__19-25-58,LiXMXER,0.781354,numeric_dosage_error
fda-hard-numeric-dosage,2026-07-02__19-25-58,LiXMXER,0.781354,unknown
fda-hard-numeric-dosage,2026-07-02__19-25-58,LiXMXER,0.781354,numeric_dosage_error
fda-hard-numeric-dosage,2026-07-02__19-25-58,LiXMXER,0.781354,numeric_dosage_error
fda-hard-numeric-dosage,2026-07-02__19-25-58,LiXMXER,0.781354,numeric_dosage_error
fda-hard-numeric-dosage,2026-07-02__19-25-58,LiXMXER,0.781354,unknown
fda-hard-numeric-dosage,2026-07-02__19-25-58,LiXMXER,0.781354,numeric_dosage_error
fda-hard-numeric-dosage,2026-07-02__19-25-58,LiXMXER,0.781354,unknown
fda-hard-numeric-dosage,2026-07-02__19-25-58,LiXMXER,0.781354,unknown
fda-hard-numeric-dosage,2026-07-02__19-25-58,LiXMXER,0.781354,numeric_dosage_error
fda-hard-numeric-dosage,2026-07-02__19-25-58,LiXMXER,0.781354,unknown
fda-hard-numeric-dosage,2026-07-02__19-25-58,LiXMXER,0.781354,unknown
fda-hard-numeric-dosage,2026-07-02__19-25-58,LiXMXER,0.781354,unknown
fda-hard-numeric-dosage,2026-07-02__19-25-58,LiXMXER,0.781354,unknown
fda-hard-numeric-dosage,2026-07-02__19-25-58,LiXMXER,0.781354,numeric_dosage_error
fda-hard-numeric-dosage,2026-07-02__19-25-58,LiXMXER,0.781354,unknown
fda-hard-numeric-dosage,2026-07-02__19-25-58,LiXMXER,0.781354,numeric_dosage_error
fda-hard-numeric-dosage,2026-07-02__19-25-58,LiXMXER,0.781354,numeric_dosage_error
fda-hard-numeric-dosage,2026-07-02__19-25-58,LiXMXER,0.781354,unknown
fda-hard-numeric-dosage,2026-07-02__19-25-58,LiXMXER,0.781354,missed_section_or_citation
fda-hard-numeric-dosage,2026-07-02__19-25-58,LiXMXER,0.781354,missed_section_or_citation
fda-hard-numeric-dosage,2026-07-02__19-25-58,LiXMXER,0.781354,unknown
fda-hard-numeric-dosage,2026-07-02__19-25-58,LiXMXER,0.781354,numeric_dosage_error
fda-hard-numeric-dosage,2026-07-02__19-59-41,XNTfrCD,0.834687,numeric_dosage_error
fda-hard-numeric-dosage,2026-07-02__19-59-41,XNTfrCD,0.834687,numeric_dosage_error
fda-hard-numeric-dosage,2026-07-02__19-59-41,XNTfrCD,0.834687,numeric_dosage_error
fda-hard-numeric-dosage,2026-07-02__19-59-41,XNTfrCD,0.834687,unknown
fda-hard-numeric-dosage,2026-07-02__19-59-41,XNTfrCD,0.834687,unknown
fda-hard-numeric-dosage,2026-07-02__19-59-41,XNTfrCD,0.834687,numeric_dosage_error
fda-hard-numeric-dosage,2026-07-02__19-59-41,XNTfrCD,0.834687,unknown
fda-hard-numeric-dosage,2026-07-02__19-59-41,XNTfrCD,0.834687,unknown
fda-hard-numeric-dosage,2026-07-02__19-59-41,XNTfrCD,0.834687,unknown
fda-hard-numeric-dosage,2026-07-02__19-59-41,XNTfrCD,0.834687,numeric_dosage_error
fda-hard-numeric-dosage,2026-07-02__19-59-41,XNTfrCD,0.834687,numeric_dosage_error
fda-hard-numeric-dosage,2026-07-02__19-59-41,XNTfrCD,0.834687,numeric_dosage_error
fda-hard-numeric-dosage,2026-07-02__19-59-41,XNTfrCD,0.834687,numeric_dosage_error
fda-hard-numeric-dosage,2026-07-02__19-59-41,XNTfrCD,0.834687,numeric_dosage_error
fda-hard-numeric-dosage,2026-07-02__19-59-41,XNTfrCD,0.834687,unknown
fda-hard-numeric-dosage,2026-07-02__19-59-41,XNTfrCD,0.834687,unknown
fda-hard-numeric-dosage,2026-07-02__19-59-41,XNTfrCD,0.834687,numeric_dosage_error
fda-hard-numeric-dosage,2026-07-02__19-59-41,XNTfrCD,0.834687,numeric_dosage_error
fda-hard-numeric-dosage,2026-07-02__19-59-41,XNTfrCD,0.834687,unknown
fda-hard-numeric-dosage,2026-07-02__19-59-41,XNTfrCD,0.834687,numeric_dosage_error
fda-hard-numeric-dosage,2026-07-02__19-59-41,XNTfrCD,0.834687,numeric_dosage_error
fda-hard-numeric-dosage,2026-07-02__19-59-41,XNTfrCD,0.834687,unknown
fda-hard-numeric-dosage,2026-07-02__19-59-41,XNTfrCD,0.834687,numeric_dosage_error
fda-hard-numeric-dosage,2026-07-02__19-59-41,XNTfrCD,0.834687,unknown
fda-hard-numeric-dosage,2026-07-02__19-59-41,XNTfrCD,0.834687,numeric_dosage_error
fda-hard-numeric-dosage,2026-07-02__19-59-41,XNTfrCD,0.834687,unknown
fda-hard-numeric-dosage,2026-07-02__19-59-41,XNTfrCD,0.834687,numeric_dosage_error
fda-hard-numeric-dosage,2026-07-02__19-59-41,XNTfrCD,0.834687,numeric_dosage_error
fda-hard-numeric-dosage,2026-07-02__19-59-41,XNTfrCD,0.834687,unknown
fda-hard-numeric-dosage,2026-07-02__19-59-41,XNTfrCD,0.834687,unknown
fda-hard-numeric-dosage,2026-07-02__19-59-41,XNTfrCD,0.834687,unknown
fda-hard-numeric-dosage,2026-07-02__19-59-41,XNTfrCD,0.834687,unknown
fda-hard-numeric-dosage,2026-07-02__19-59-41,XNTfrCD,0.834687,numeric_dosage_error
fda-hard-numeric-dosage,2026-07-02__19-59-41,XNTfrCD,0.834687,unknown
fda-hard-numeric-dosage,2026-07-02__19-59-41,XNTfrCD,0.834687,unknown
fda-hard-numeric-dosage,2026-07-02__19-59-41,XNTfrCD,0.834687,missed_section_or_citation
fda-hard-numeric-dosage,2026-07-02__19-59-41,XNTfrCD,0.834687,missed_section_or_citation
fda-hard-numeric-dosage,2026-07-02__19-59-41,XNTfrCD,0.834687,unknown
fda-hard-numeric-dosage,2026-07-02__19-59-41,XNTfrCD,0.834687,unknown
fda-hard-warning-citations,2026-07-02__17-25-52,JnKVH9b,0.000000,missed_section_or_citation
fda-hard-warning-citations,2026-07-02__17-25-52,JnKVH9b,0.000000,unknown
fda-hard-warning-citations,2026-07-02__17-25-52,JnKVH9b,0.000000,unknown
fda-hard-warning-citations,2026-07-02__17-25-52,JnKVH9b,0.000000,missed_section_or_citation
fda-hard-warning-citations,2026-07-02__17-25-52,JnKVH9b,0.000000,unknown
fda-hard-warning-citations,2026-07-02__17-25-52,JnKVH9b,0.000000,unknown
fda-hard-warning-citations,2026-07-02__17-25-52,JnKVH9b,0.000000,missed_section_or_citation
fda-hard-warning-citations,2026-07-02__17-25-52,JnKVH9b,0.000000,unknown
fda-hard-warning-citations,2026-07-02__17-25-52,JnKVH9b,0.000000,numeric_dosage_error
fda-hard-warning-citations,2026-07-02__17-25-52,JnKVH9b,0.000000,missed_section_or_citation
fda-hard-warning-citations,2026-07-02__17-25-52,JnKVH9b,0.000000,unknown
fda-hard-warning-citations,2026-07-02__17-25-52,JnKVH9b,0.000000,numeric_dosage_error
fda-hard-warning-citations,2026-07-02__17-25-52,JnKVH9b,0.000000,missed_section_or_citation
fda-hard-warning-citations,2026-07-02__17-25-52,JnKVH9b,0.000000,unknown
fda-hard-warning-citations,2026-07-02__17-25-52,JnKVH9b,0.000000,unknown
fda-hard-warning-citations,2026-07-02__17-25-52,JnKVH9b,0.000000,missed_section_or_citation
fda-hard-warning-citations,2026-07-02__17-25-52,JnKVH9b,0.000000,unknown
fda-hard-warning-citations,2026-07-02__17-25-52,JnKVH9b,0.000000,unknown
fda-hard-warning-citations,2026-07-02__17-25-52,JnKVH9b,0.000000,missed_section_or_citation
fda-hard-warning-citations,2026-07-02__17-25-52,JnKVH9b,0.000000,unknown
fda-hard-warning-citations,2026-07-02__17-25-52,JnKVH9b,0.000000,unknown
fda-hard-warning-citations,2026-07-02__17-25-52,JnKVH9b,0.000000,missed_section_or_citation
fda-hard-warning-citations,2026-07-02__17-25-52,JnKVH9b,0.000000,unknown
fda-hard-warning-citations,2026-07-02__17-25-52,JnKVH9b,0.000000,unknown
fda-hard-warning-citations,2026-07-02__18-04-16,Aqhe6nF,0.760261,unknown
fda-hard-warning-citations,2026-07-02__18-04-16,Aqhe6nF,0.760261,unknown
fda-hard-warning-citations,2026-07-02__18-04-16,Aqhe6nF,0.760261,unknown
fda-hard-warning-citations,2026-07-02__18-04-16,Aqhe6nF,0.760261,unknown
fda-hard-warning-citations,2026-07-02__18-04-16,Aqhe6nF,0.760261,unknown
fda-hard-warning-citations,2026-07-02__18-04-16,Aqhe6nF,0.760261,unknown
fda-hard-warning-citations,2026-07-02__18-04-16,Aqhe6nF,0.760261,unknown
fda-hard-warning-citations,2026-07-02__18-04-16,Aqhe6nF,0.760261,unknown
fda-hard-warning-citations,2026-07-02__18-04-16,Aqhe6nF,0.760261,unknown
fda-hard-warning-citations,2026-07-02__18-04-16,Aqhe6nF,0.760261,numeric_dosage_error
fda-hard-warning-citations,2026-07-02__18-04-16,Aqhe6nF,0.760261,numeric_dosage_error
fda-hard-warning-citations,2026-07-02__18-04-16,Aqhe6nF,0.760261,numeric_dosage_error
fda-hard-warning-citations,2026-07-02__18-04-16,Aqhe6nF,0.760261,unknown
fda-hard-warning-citations,2026-07-02__18-04-16,Aqhe6nF,0.760261,unknown
fda-hard-warning-citations,2026-07-02__18-04-16,Aqhe6nF,0.760261,numeric_dosage_error
fda-hard-warning-citations,2026-07-02__18-04-16,Aqhe6nF,0.760261,unknown
fda-hard-warning-citations,2026-07-02__18-04-16,Aqhe6nF,0.760261,unknown
fda-hard-warning-citations,2026-07-02__18-04-16,Aqhe6nF,0.760261,unknown
fda-hard-warning-citations,2026-07-02__18-04-16,Aqhe6nF,0.760261,unknown
fda-hard-warning-citations,2026-07-02__18-04-16,Aqhe6nF,0.760261,unknown
fda-hard-warning-citations,2026-07-02__18-04-16,Aqhe6nF,0.760261,unknown
fda-hard-warning-citations,2026-07-02__18-04-16,Aqhe6nF,0.760261,unknown
fda-hard-warning-citations,2026-07-02__18-04-16,Aqhe6nF,0.760261,unknown
fda-hard-warning-citations,2026-07-02__18-04-16,Aqhe6nF,0.760261,unknown
fda-hard-warning-citations,2026-07-02__18-04-16,Aqhe6nF,0.760261,unknown
fda-hard-warning-citations,2026-07-02__18-04-16,Aqhe6nF,0.760261,unknown
fda-hard-warning-citations,2026-07-02__18-04-16,Aqhe6nF,0.760261,unknown
fda-hard-warning-citations,2026-07-02__18-04-16,Aqhe6nF,0.760261,unknown
fda-hard-warning-citations,2026-07-02__18-04-16,Aqhe6nF,0.760261,unknown
fda-hard-warning-citations,2026-07-02__18-04-16,Aqhe6nF,0.760261,unknown
fda-hard-warning-citations,2026-07-02__18-04-16,Aqhe6nF,0.760261,unknown
fda-hard-warning-citations,2026-07-02__18-04-16,Aqhe6nF,0.760261,unknown
fda-hard-warning-citations,2026-07-02__19-22-17,hqyTKGf,0.715990,unknown
fda-hard-warning-citations,2026-07-02__19-22-17,hqyTKGf,0.715990,unknown
fda-hard-warning-citations,2026-07-02__19-22-17,hqyTKGf,0.715990,unknown
fda-hard-warning-citations,2026-07-02__19-22-17,hqyTKGf,0.715990,unknown
fda-hard-warning-citations,2026-07-02__19-22-17,hqyTKGf,0.715990,unknown
fda-hard-warning-citations,2026-07-02__19-22-17,hqyTKGf,0.715990,unknown
fda-hard-warning-citations,2026-07-02__19-22-17,hqyTKGf,0.715990,unknown
fda-hard-warning-citations,2026-07-02__19-22-17,hqyTKGf,0.715990,unknown
fda-hard-warning-citations,2026-07-02__19-22-17,hqyTKGf,0.715990,unknown
fda-hard-warning-citations,2026-07-02__19-22-17,hqyTKGf,0.715990,numeric_dosage_error
fda-hard-warning-citations,2026-07-02__19-22-17,hqyTKGf,0.715990,numeric_dosage_error
fda-hard-warning-citations,2026-07-02__19-22-17,hqyTKGf,0.715990,numeric_dosage_error
fda-hard-warning-citations,2026-07-02__19-22-17,hqyTKGf,0.715990,unknown
fda-hard-warning-citations,2026-07-02__19-22-17,hqyTKGf,0.715990,unknown
fda-hard-warning-citations,2026-07-02__19-22-17,hqyTKGf,0.715990,numeric_dosage_error
fda-hard-warning-citations,2026-07-02__19-22-17,hqyTKGf,0.715990,unknown
fda-hard-warning-citations,2026-07-02__19-22-17,hqyTKGf,0.715990,unknown
fda-hard-warning-citations,2026-07-02__19-22-17,hqyTKGf,0.715990,unknown
fda-hard-warning-citations,2026-07-02__19-22-17,hqyTKGf,0.715990,unknown
fda-hard-warning-citations,2026-07-02__19-22-17,hqyTKGf,0.715990,unknown
fda-hard-warning-citations,2026-07-02__19-22-17,hqyTKGf,0.715990,unknown
fda-hard-warning-citations,2026-07-02__19-22-17,hqyTKGf,0.715990,unknown
fda-hard-warning-citations,2026-07-02__19-22-17,hqyTKGf,0.715990,unknown
fda-hard-warning-citations,2026-07-02__19-22-17,hqyTKGf,0.715990,unknown
fda-hard-warning-citations,2026-07-02__19-22-17,hqyTKGf,0.715990,unknown
fda-hard-warning-citations,2026-07-02__19-22-17,hqyTKGf,0.715990,unknown
fda-hard-warning-citations,2026-07-02__19-22-17,hqyTKGf,0.715990,unknown
fda-hard-warning-citations,2026-07-02__19-22-17,hqyTKGf,0.715990,unknown
fda-hard-warning-citations,2026-07-02__19-22-17,hqyTKGf,0.715990,unknown
fda-hard-warning-citations,2026-07-02__19-22-17,hqyTKGf,0.715990,unknown
fda-hard-warning-citations,2026-07-02__19-22-17,hqyTKGf,0.715990,unknown
fda-hard-warning-citations,2026-07-02__19-22-17,hqyTKGf,0.715990,unknown
fda-hard-warning-citations,2026-07-02__19-56-28,UBgAL8V,0.749323,unknown
fda-hard-warning-citations,2026-07-02__19-56-28,UBgAL8V,0.749323,unknown
fda-hard-warning-citations,2026-07-02__19-56-28,UBgAL8V,0.749323,unknown
fda-hard-warning-citations,2026-07-02__19-56-28,UBgAL8V,0.749323,unknown
fda-hard-warning-citations,2026-07-02__19-56-28,UBgAL8V,0.749323,unknown
fda-hard-warning-citations,2026-07-02__19-56-28,UBgAL8V,0.749323,unknown
fda-hard-warning-citations,2026-07-02__19-56-28,UBgAL8V,0.749323,unknown
fda-hard-warning-citations,2026-07-02__19-56-28,UBgAL8V,0.749323,unknown
fda-hard-warning-citations,2026-07-02__19-56-28,UBgAL8V,0.749323,numeric_dosage_error
fda-hard-warning-citations,2026-07-02__19-56-28,UBgAL8V,0.749323,numeric_dosage_error
fda-hard-warning-citations,2026-07-02__19-56-28,UBgAL8V,0.749323,numeric_dosage_error
fda-hard-warning-citations,2026-07-02__19-56-28,UBgAL8V,0.749323,unknown
fda-hard-warning-citations,2026-07-02__19-56-28,UBgAL8V,0.749323,unknown
fda-hard-warning-citations,2026-07-02__19-56-28,UBgAL8V,0.749323,numeric_dosage_error
fda-hard-warning-citations,2026-07-02__19-56-28,UBgAL8V,0.749323,unknown
fda-hard-warning-citations,2026-07-02__19-56-28,UBgAL8V,0.749323,unknown
fda-hard-warning-citations,2026-07-02__19-56-28,UBgAL8V,0.749323,unknown
fda-hard-warning-citations,2026-07-02__19-56-28,UBgAL8V,0.749323,unknown
fda-hard-warning-citations,2026-07-02__19-56-28,UBgAL8V,0.749323,unknown
fda-hard-warning-citations,2026-07-02__19-56-28,UBgAL8V,0.749323,unknown
fda-hard-warning-citations,2026-07-02__19-56-28,UBgAL8V,0.749323,unknown
fda-hard-warning-citations,2026-07-02__19-56-28,UBgAL8V,0.749323,unknown
fda-hard-warning-citations,2026-07-02__19-56-28,UBgAL8V,0.749323,unknown
fda-hard-warning-citations,2026-07-02__19-56-28,UBgAL8V,0.749323,unknown
fda-hard-warning-citations,2026-07-02__19-56-28,UBgAL8V,0.749323,unknown
fda-hard-warning-citations,2026-07-02__19-56-28,UBgAL8V,0.749323,missed_section_or_citation
fda-hard-warning-citations,2026-07-02__19-56-28,UBgAL8V,0.749323,missed_section_or_citation
fda-hard-warning-citations,2026-07-02__19-56-28,UBgAL8V,0.749323,unknown
fda-hard-warning-citations,2026-07-02__19-56-28,UBgAL8V,0.749323,unknown
fda-hard-warning-citations,2026-07-02__19-56-28,UBgAL8V,0.749323,unknown
fda-hard-warning-citations,2026-07-02__19-56-28,UBgAL8V,0.749323,unknown
fda-hard-warning-citations,2026-07-02__19-56-28,UBgAL8V,0.749323,missed_section_or_citation
fda-hard-warning-citations,2026-07-02__19-56-28,UBgAL8V,0.749323,missed_section_or_citation
fda-hard-warning-citations,2026-07-02__19-56-28,UBgAL8V,0.749323,unknown
fda-hard-warning-citations,2026-07-02__19-56-28,UBgAL8V,0.749323,unknown
